,Lat,Lon,Date,Emission
1,33.797174,-117.461732,2022-03-02 18:22:28+00:00,1033.416432
2,33.715718,-117.697324,2022-03-02 18:29:46+00:00,253.3476399
3,33.720865,-117.703204,2022-03-02 18:29:46+00:00,350.661087
4,34.328494,-118.516111,2022-03-02 18:47:22+00:00,695.7833833
5,34.403933,-118.99706,2022-03-02 18:54:39+00:00,514.6156278
6,33.720324,-117.703238,2022-03-02 19:53:44+00:00,477.9515358
7,33.796276,-117.462914,2022-03-02 20:00:03+00:00,648.8269327
8,34.3302,-118.517751,2022-03-02 20:18:38+00:00,597.4165249
9,34.405117,-118.994027,2022-03-02 20:59:15+00:00,1123.290598
10,34.327481,-118.518051,2022-03-08 22:16:13+00:00,1384.986561
11,33.715342,-117.70036,2022-03-11 18:53:38+00:00,719.107532
12,34.325482,-118.517633,2022-03-11 19:13:44+00:00,1858.819974
13,34.403755,-118.997204,2022-03-11 19:21:31+00:00,550.4067913
14,34.325744,-118.516348,2022-03-11 20:06:06+00:00,1289.844935
15,33.720566,-117.704825,2022-03-11 20:25:15+00:00,856.9973957
16,34.327324,-118.516384,2022-03-11 20:52:03+00:00,1583.393618
17,34.403755,-118.997204,2022-03-11 20:59:20+00:00,1121.316856
18,34.325722,-118.515921,2022-03-11 21:43:08+00:00,3311.003424
19,33.796733,-117.463668,2022-03-18 18:30:50+00:00,818.3775319
20,33.716065,-117.698662,2022-03-18 18:37:27+00:00,310.623388
21,33.720787,-117.704105,2022-03-18 18:37:27+00:00,305.5610774
22,34.327091,-118.516277,2022-03-18 18:57:10+00:00,357.6225303
23,34.317442,-118.507522,2022-03-18 18:57:10+00:00,274.4939829
24,34.405178,-118.992791,2022-03-18 19:05:18+00:00,712.9730007
25,34.404972,-118.992691,2022-03-18 19:58:13+00:00,510.5063092
26,34.32717,-118.516216,2022-03-18 20:06:06+00:00,163.18397
28,34.317588,-118.507595,2022-03-18 20:06:06+00:00,161.3087564
30,33.715349,-117.698999,2022-03-18 20:31:32+00:00,399.5726976
31,34.317657,-118.507638,2022-03-18 20:50:55+00:00,444.6605748
32,34.327268,-118.516188,2022-03-18 20:50:55+00:00,140.7880797
33,34.405234,-118.992184,2022-03-18 20:59:07+00:00,363.9662018
34,34.406525,-118.992124,2022-03-18 21:31:36+00:00,872.0923865
35,34.32772,-118.517372,2022-03-18 21:40:57+00:00,940.5071445
36,36.572873,-108.182065,2022-03-23 18:16:21+00:00,454.0167497
37,36.792961,-108.389035,2022-03-23 18:47:23+00:00,165.1700403
38,36.792945,-108.388937,2022-03-23 19:04:01+00:00,472.1053561
39,36.564851,-108.033643,2022-03-23 19:04:01+00:00,472.3440284
40,36.47918,-107.710691,2022-03-23 20:10:41+00:00,334.3050155
41,36.479247,-107.710614,2022-03-23 20:28:00+00:00,407.8699057
42,36.585262,-107.852477,2022-03-23 20:28:00+00:00,452.2597706
43,36.757777,-107.999486,2022-03-23 21:01:57+00:00,312.5765434
44,36.732521,-107.96125,2022-03-23 21:01:57+00:00,426.9117469
45,36.530068,-107.656399,2022-03-23 21:01:57+00:00,238.0121254
46,36.531942,-107.655539,2022-03-23 21:01:57+00:00,406.7389462
47,36.735991,-107.931755,2022-03-23 21:16:41+00:00,643.3842545
48,36.711261,-107.894347,2022-03-23 21:16:41+00:00,245.8756101
49,36.53236,-107.655458,2022-03-23 21:16:41+00:00,328.5700304
50,36.75886,-107.912618,2022-03-24 16:30:56+00:00,105.1118702
51,36.701993,-107.832366,2022-03-24 16:30:56+00:00,55.53881932
52,36.459465,-107.494425,2022-03-24 16:30:56+00:00,655.9315441
53,36.432543,-107.477854,2022-03-24 16:30:56+00:00,176.3438516
54,36.404555,-107.422965,2022-03-24 16:30:56+00:00,569.0430188
55,36.404797,-107.413644,2022-03-24 16:30:56+00:00,512.74606
56,36.929159,-108.15004,2022-03-24 16:48:48+00:00,113.5931736
57,36.925566,-108.149073,2022-03-24 16:48:48+00:00,48.69459506
58,36.759177,-107.912516,2022-03-24 16:48:48+00:00,58.57460936
59,36.477221,-107.496761,2022-03-24 16:48:48+00:00,545.7345489
60,36.865301,-107.994054,2022-03-24 17:08:57+00:00,95.3037967
61,36.822567,-107.921865,2022-03-24 17:08:57+00:00,119.8143647
62,36.560016,-107.565026,2022-03-24 17:08:57+00:00,696.8790214
63,36.918962,-108.018786,2022-03-24 17:26:53+00:00,276.8092072
64,36.770688,-107.81605,2022-03-24 17:26:53+00:00,228.4577577
65,36.767597,-107.803647,2022-03-24 17:26:53+00:00,258.4724669
66,36.664923,-107.674801,2022-03-24 17:26:53+00:00,134.0228791
67,36.939912,-108.045577,2022-03-24 17:47:03+00:00,53.89737216
68,36.491906,-107.346024,2022-03-24 17:47:03+00:00,428.2031918
69,36.455192,-107.3218,2022-03-24 17:47:03+00:00,84.1521327
70,36.787297,-107.76106,2022-03-24 18:04:49+00:00,212.3778273
71,36.561831,-107.396292,2022-03-24 18:04:49+00:00,154.6924577
72,36.506158,-107.352409,2022-03-24 18:04:49+00:00,301.6889465
73,37.018437,-108.024329,2022-03-24 18:24:39+00:00,311.7981769
74,36.84297,-107.808426,2022-03-24 18:24:39+00:00,114.8593649
75,36.730073,-107.649603,2022-03-24 18:24:39+00:00,206.9141313
76,36.643837,-107.494247,2022-03-24 18:24:39+00:00,530.9850757
77,36.871832,-107.764638,2022-03-24 18:41:33+00:00,362.0328604
78,36.8641,-107.765376,2022-03-24 18:41:33+00:00,207.3367241
79,36.864924,-107.754161,2022-03-24 18:41:33+00:00,110.3821938
80,36.85967,-107.74626,2022-03-24 18:41:33+00:00,101.3893927
81,36.837278,-107.738743,2022-03-24 18:41:33+00:00,267.0943433
82,36.745705,-107.59845,2022-03-24 18:41:33+00:00,645.0976264
83,36.702223,-107.537342,2022-03-24 18:41:33+00:00,206.7789073
84,36.593392,-107.39374,2022-03-24 18:41:33+00:00,246.38999
85,36.88797,-107.755617,2022-03-24 19:01:05+00:00,811.7919557
86,36.865049,-107.754097,2022-03-24 19:01:05+00:00,277.3007789
87,36.859732,-107.746133,2022-03-24 19:01:05+00:00,153.4437457
88,36.723296,-107.527625,2022-03-24 19:01:05+00:00,250.4767043
89,36.650028,-107.396739,2022-03-24 19:01:05+00:00,436.8084631
90,36.574881,-107.286732,2022-03-24 19:01:05+00:00,611.9830954
91,37.02112,-107.917843,2022-03-24 19:18:18+00:00,95.84981637
92,36.858475,-107.685613,2022-03-24 19:18:18+00:00,323.2764625
93,36.845872,-107.673173,2022-03-24 19:18:18+00:00,394.2163276
94,36.789349,-107.569288,2022-03-24 19:18:18+00:00,458.5446839
95,36.708693,-107.444561,2022-03-24 19:18:18+00:00,315.7772566
96,36.575288,-107.286552,2022-03-24 19:18:18+00:00,689.4886364
97,36.974453,-107.79658,2022-03-24 19:38:09+00:00,252.685169
98,36.916965,-107.700978,2022-03-24 19:38:09+00:00,565.0598738
99,36.736236,-107.438217,2022-03-24 19:38:09+00:00,535.6092747
100,36.723275,-107.410457,2022-03-24 19:38:09+00:00,142.5894797
101,36.663288,-107.346525,2022-03-24 19:38:09+00:00,393.5615806
102,37.066149,-107.868838,2022-03-24 19:55:37+00:00,266.7726376
103,36.824776,-107.537026,2022-03-24 19:55:37+00:00,291.608865
104,36.718583,-107.370317,2022-03-24 19:55:37+00:00,1598.275317
105,36.611683,-107.245173,2022-03-24 19:55:37+00:00,362.8155102
106,37.066174,-107.868868,2022-03-24 19:55:37+00:00,277.3289709
107,36.851495,-107.574901,2022-03-24 20:15:27+00:00,237.3520289
108,36.824748,-107.536929,2022-03-24 20:15:27+00:00,319.8033351
109,36.829231,-107.52798,2022-03-24 20:15:27+00:00,155.202167
110,36.817096,-107.525671,2022-03-24 20:15:27+00:00,182.4323797
111,36.765316,-107.412674,2022-03-24 20:15:27+00:00,247.6775479
112,37.053716,-107.784868,2022-03-24 20:28:50+00:00,227.555215
113,36.96572,-107.673001,2022-03-24 20:28:50+00:00,301.7877438
114,36.765681,-107.41254,2022-03-24 20:28:50+00:00,533.1793193
115,37.053793,-107.78597,2022-03-24 20:44:13+00:00,488.1352433
116,37.044783,-107.730804,2022-03-24 20:44:13+00:00,264.619091
117,36.908252,-107.561389,2022-03-24 20:44:13+00:00,171.1682765
118,36.873675,-107.513544,2022-03-24 20:44:13+00:00,372.6214642
119,36.871615,-107.499557,2022-03-24 20:44:13+00:00,289.6030658
120,36.811874,-107.4038,2022-03-24 20:44:13+00:00,164.4402068
121,36.770802,-107.347034,2022-03-24 20:44:13+00:00,1284.831991
122,37.045106,-107.730701,2022-03-24 20:58:11+00:00,306.4333905
123,36.965095,-107.567778,2022-03-24 20:58:11+00:00,95.76480654
124,36.932334,-107.560059,2022-03-24 20:58:11+00:00,162.1472102
125,36.836494,-107.420055,2022-03-24 20:58:11+00:00,213.9864123
126,37.142453,-107.787535,2022-03-24 21:12:35+00:00,1963.337855
127,37.108974,-107.754736,2022-03-24 21:12:35+00:00,317.7649905
128,37.050331,-107.675752,2022-03-24 21:12:35+00:00,327.7240831
129,36.918562,-107.470462,2022-03-24 21:12:35+00:00,135.3943847
130,36.86847,-107.391351,2022-03-24 21:12:35+00:00,225.2339174
131,36.82936,-107.361243,2022-03-24 21:12:35+00:00,396.614583
132,36.809456,-107.338288,2022-03-24 21:12:35+00:00,1217.312681
133,37.143442,-107.787211,2022-03-24 21:25:42+00:00,4995.786543
134,37.053997,-107.62629,2022-03-24 21:25:42+00:00,103.3157148
135,36.934791,-107.470758,2022-03-24 21:25:42+00:00,276.0721705
136,36.793308,-108.389105,2022-03-25 17:39:25+00:00,219.0224808
137,36.8103,-108.356427,2022-03-25 17:55:29+00:00,77.8466418
138,36.814121,-108.328838,2022-03-25 17:55:29+00:00,126.8269766
139,36.620435,-108.077554,2022-03-25 17:55:29+00:00,117.5863743
140,36.814514,-108.328882,2022-03-25 18:09:40+00:00,135.5458572
141,36.600122,-107.97591,2022-03-25 18:09:40+00:00,82.53516477
142,36.709705,-108.128608,2022-03-25 18:25:53+00:00,184.8702388
143,36.457577,-107.740842,2022-03-25 18:25:53+00:00,149.9572804
144,36.822488,-108.204312,2022-03-25 18:40:19+00:00,343.5636146
145,36.788635,-108.204455,2022-03-25 18:40:19+00:00,184.9297686
146,36.577187,-107.867678,2022-03-25 18:40:19+00:00,106.7371675
147,36.479157,-107.710692,2022-03-25 18:40:19+00:00,196.9682071
148,36.653954,-107.956807,2022-03-25 18:58:25+00:00,78.59808804
149,36.479159,-107.710692,2022-03-25 18:58:25+00:00,100.579003
150,36.477526,-107.693576,2022-03-25 18:58:25+00:00,89.54543195
151,36.685918,-107.930255,2022-03-25 19:12:54+00:00,105.0874565
152,36.623383,-107.852384,2022-03-25 19:12:54+00:00,131.7521218
153,36.51592,-107.715957,2022-03-25 19:12:54+00:00,402.4896014
154,36.732222,-107.95845,2022-03-25 19:28:54+00:00,2238.465522
155,36.728803,-107.957256,2022-03-25 19:28:54+00:00,283.8056712
156,36.73248,-107.961389,2022-03-25 19:28:54+00:00,444.0693214
157,36.991505,-107.521305,2022-03-25 20:04:07+00:00,200.5598997
158,36.978297,-107.486322,2022-03-25 20:04:07+00:00,129.0435385
159,37.0579,-107.546703,2022-03-25 20:18:33+00:00,279.1554229
160,36.996592,-107.448146,2022-03-25 20:18:33+00:00,252.632514
161,34.902403,-117.15979,2022-04-01 18:32:17+00:00,110.0527016
162,36.371722,-114.872026,2022-04-01 19:16:21+00:00,92.35890725
163,36.370637,-114.864447,2022-04-01 19:16:21+00:00,190.7485249
164,36.371824,-114.857613,2022-04-01 19:16:21+00:00,652.8842009
165,32.850611,-117.166576,2022-04-01 20:58:16+00:00,282.5217913
166,32.85239,-117.165235,2022-04-01 20:58:16+00:00,301.0742069
167,33.79765,-117.462502,2022-04-01 21:22:06+00:00,408.3424587
168,33.720606,-117.704218,2022-04-01 21:29:26+00:00,437.3110295
169,34.327882,-118.516803,2022-04-01 21:47:26+00:00,1444.963478
170,37.458775,-121.942427,2022-04-06 18:18:17+00:00,6470.644088
171,37.995263,-121.937379,2022-04-06 18:42:00+00:00,789.5585591
172,38.014765,-122.114041,2022-04-06 18:49:22+00:00,474.0026656
174,37.45678,-121.942402,2022-04-06 19:32:19+00:00,1374.149685
175,25.858422,-80.35176,2022-04-10 15:33:53+00:00,3351.647828
176,25.8573,-80.352214,2022-04-10 15:38:46+00:00,1999.569265
178,27.202179,-82.394735,2022-04-11 14:47:00+00:00,2149.45342
179,27.475355,-82.443531,2022-04-11 14:52:17+00:00,2513.487602
181,28.474502,-81.225103,2022-04-11 15:47:18+00:00,4770.918167
184,25.857411,-80.351967,2022-04-13 13:52:59+00:00,1664.409244
185,36.73529,-107.966251,2022-04-15 16:56:31+00:00,67.57450234
186,36.732652,-107.968376,2022-04-15 16:56:31+00:00,48.92048804
187,36.730625,-107.967266,2022-04-15 16:56:31+00:00,34.28101391
188,36.732653,-107.961328,2022-04-15 16:56:31+00:00,108.857894
189,36.728869,-107.957367,2022-04-15 16:56:31+00:00,166.0829135
190,36.680991,-107.878106,2022-04-15 16:56:31+00:00,53.92800187
191,36.597796,-107.776265,2022-04-15 16:56:31+00:00,90.66444887
192,36.542773,-107.703467,2022-04-15 16:56:31+00:00,219.522222
193,36.521799,-107.651819,2022-04-15 16:56:31+00:00,255.1680298
194,36.850905,-108.090667,2022-04-15 17:10:29+00:00,208.2902585
195,36.711255,-107.894261,2022-04-15 17:10:29+00:00,263.5086198
196,36.872363,-108.082343,2022-04-15 17:26:31+00:00,289.7616062
197,36.68221,-107.818444,2022-04-15 17:26:31+00:00,339.0579112
198,36.68617,-107.811823,2022-04-15 17:26:31+00:00,56.6833922
199,36.539061,-107.601881,2022-04-15 17:26:31+00:00,516.2631123
200,36.930195,-108.150036,2022-04-15 17:43:43+00:00,348.0215679
201,36.92925,-108.150043,2022-04-15 17:43:43+00:00,284.0513098
202,36.925704,-108.148183,2022-04-15 17:43:43+00:00,220.0147238
203,36.907027,-108.07733,2022-04-15 18:03:41+00:00,166.0280382
204,36.89694,-108.05462,2022-04-15 18:03:41+00:00,249.9194509
205,36.865432,-107.993911,2022-04-15 18:03:41+00:00,398.1908582
206,36.800957,-107.892831,2022-04-15 18:03:41+00:00,240.5252905
207,36.606383,-107.609465,2022-04-15 18:03:41+00:00,900.9666916
208,36.461491,-107.429458,2022-04-15 18:03:41+00:00,135.0308508
209,36.918892,-108.018713,2022-04-15 18:21:36+00:00,808.2076522
210,36.897315,-108.015804,2022-04-15 18:21:36+00:00,305.3650469
211,36.884421,-107.970757,2022-04-15 18:21:36+00:00,172.6788026
212,36.770552,-107.815909,2022-04-15 18:21:36+00:00,582.1780945
213,36.771378,-107.8161,2022-04-15 18:21:36+00:00,126.4123741
214,36.767481,-107.803557,2022-04-15 18:21:36+00:00,306.9635081
215,36.665047,-107.67444,2022-04-15 18:21:36+00:00,157.0534319
216,36.639314,-107.640742,2022-04-15 18:21:36+00:00,190.8456133
217,36.461858,-107.371415,2022-04-15 18:21:36+00:00,101.3173597
218,36.83718,-107.738594,2022-04-15 18:44:11+00:00,625.8316785
219,36.677082,-107.509736,2022-04-15 18:44:11+00:00,412.2032852
220,36.664362,-107.468994,2022-04-15 18:44:11+00:00,356.6718607
221,36.622219,-107.415207,2022-04-15 18:44:11+00:00,272.048898
222,36.593315,-107.393755,2022-04-15 18:44:11+00:00,315.7561802
223,36.693994,-107.494467,2022-04-15 19:03:37+00:00,289.4702791
224,36.845732,-107.673072,2022-04-15 19:23:19+00:00,436.7403694
225,36.858388,-107.685497,2022-04-15 19:23:19+00:00,381.0459189
226,36.9393,-107.789426,2022-04-15 19:23:19+00:00,485.6057001
227,36.671391,-107.346976,2022-04-15 19:41:00+00:00,1084.580906
228,36.945538,-107.75185,2022-04-15 19:41:00+00:00,310.5981622
229,36.974531,-107.796597,2022-04-15 19:41:00+00:00,472.3839103
230,36.627926,-107.253662,2022-04-15 20:00:19+00:00,273.496233
231,36.8247,-107.537003,2022-04-15 20:00:19+00:00,236.6873542
232,37.108834,-107.960389,2022-04-15 20:00:19+00:00,881.1892082
233,33.708213,-87.058419,2022-04-19 15:18:09+00:00,5079.426924
234,33.486635,-87.094305,2022-04-19 15:28:26+00:00,3807.867109
235,33.43881,-87.153878,2022-04-19 15:50:53+00:00,2284.9292
236,33.442234,-87.154004,2022-04-19 15:50:53+00:00,1993.82863
237,33.402986,-87.199224,2022-04-19 16:16:35+00:00,5389.712079
238,33.332115,-87.211427,2022-04-19 16:16:35+00:00,1751.656714
239,33.421627,-87.23968,2022-04-19 16:28:41+00:00,2253.020303
240,33.378026,-87.232962,2022-04-19 16:28:41+00:00,5554.861119
241,33.332043,-87.211262,2022-04-19 16:28:41+00:00,2276.852933
242,33.421041,-87.239701,2022-04-19 16:38:55+00:00,3501.831363
243,33.394264,-87.265529,2022-04-19 16:38:55+00:00,2574.120255
244,33.376754,-87.25187,2022-04-19 16:38:55+00:00,643.1826937
245,33.377962,-87.233801,2022-04-19 16:38:55+00:00,3030.319329
246,33.394182,-87.265674,2022-04-19 16:53:29+00:00,2747.732733
247,33.510758,-87.287721,2022-04-19 17:04:08+00:00,991.1122376
248,33.387701,-87.290338,2022-04-19 17:04:08+00:00,1286.488177
249,33.535978,-87.332869,2022-04-19 17:18:16+00:00,410.5083593
250,33.407845,-87.336542,2022-04-19 17:18:16+00:00,3751.837502
252,33.376206,-87.319809,2022-04-19 17:18:16+00:00,790.1047971
253,33.366351,-87.335051,2022-04-19 17:18:16+00:00,620.3914675
254,33.396814,-87.342631,2022-04-19 17:28:48+00:00,1939.60437
256,33.998294,-85.178777,2022-04-20 14:40:03+00:00,2821.587505
259,34.13589,-84.039401,2022-04-20 15:04:45+00:00,6039.135297
260,33.659868,-84.257694,2022-04-20 15:18:50+00:00,3559.129298
264,33.716204,-86.857003,2022-04-20 16:34:28+00:00,2559.814661
265,33.718414,-86.859086,2022-04-22 14:50:57+00:00,3842.804051
267,33.710872,-87.057501,2022-04-22 14:57:51+00:00,1837.629002
268,33.486647,-87.094427,2022-04-22 15:08:48+00:00,2339.798092
269,33.442396,-87.154,2022-04-22 15:30:07+00:00,1955.066998
270,33.438933,-87.154037,2022-04-22 15:30:07+00:00,1792.777252
273,33.4032,-87.199193,2022-04-22 15:51:37+00:00,4202.731905
274,33.378224,-87.233155,2022-04-22 16:03:23+00:00,5098.093412
275,33.421531,-87.239826,2022-04-22 16:16:50+00:00,2118.73108
276,33.378245,-87.23292,2022-04-22 16:16:50+00:00,5368.042841
277,33.510622,-87.287687,2022-04-22 16:28:54+00:00,883.5379339
278,33.394383,-87.265558,2022-04-22 16:28:54+00:00,2911.183621
279,33.543988,-87.308238,2022-04-22 16:42:12+00:00,1108.82414
280,33.54399,-87.308298,2022-04-22 16:54:46+00:00,1688.940375
281,33.407979,-87.336632,2022-04-22 16:54:46+00:00,2796.698628
282,33.373918,-87.321193,2022-04-22 16:54:46+00:00,1525.938349
283,33.366034,-87.335054,2022-04-22 16:54:46+00:00,1340.936801
284,33.407885,-87.336495,2022-04-22 17:07:40+00:00,2379.450604
285,33.364654,-87.336241,2022-04-22 17:07:40+00:00,603.8804895
286,33.99767,-85.177389,2022-04-23 14:43:26+00:00,4634.831805
287,33.995803,-85.178308,2022-04-23 14:43:26+00:00,2683.58722
290,34.274359,-84.391185,2022-04-23 14:58:24+00:00,1705.628984
292,34.135555,-84.03766,2022-04-23 15:09:22+00:00,3205.07686
294,33.657987,-84.25611,2022-04-23 15:25:33+00:00,1977.199428
295,33.240265,-84.121897,2022-04-23 15:42:03+00:00,3571.426808
296,33.60347,-86.521941,2022-04-23 16:26:39+00:00,1506.968229
297,33.71666,-86.858769,2022-04-23 16:44:38+00:00,4153.40654
299,33.403175,-87.199424,2022-04-23 17:38:58+00:00,5274.048146
300,33.805398,-118.277981,2022-04-24 18:41:13+00:00,58.63025416
301,33.788596,-118.23434,2022-04-24 18:50:00+00:00,397.4320279
302,33.796087,-118.230011,2022-04-24 18:50:00+00:00,542.0159203
303,33.816487,-118.235812,2022-04-24 18:50:00+00:00,115.668736
304,33.796177,-118.229953,2022-04-24 18:54:24+00:00,499.5393098
305,33.788584,-118.234347,2022-04-24 18:54:24+00:00,373.6248512
306,33.926423,-118.430267,2022-04-24 19:12:56+00:00,64.23414128
307,33.805306,-118.278257,2022-04-24 19:40:33+00:00,124.0754964
308,33.796279,-118.230055,2022-04-24 19:50:45+00:00,384.5925206
309,33.816532,-118.235789,2022-04-24 19:50:45+00:00,79.84517255
310,33.796238,-118.229959,2022-04-24 19:55:45+00:00,359.6747937
311,33.926404,-118.430042,2022-04-24 20:15:33+00:00,159.9614908
313,34.325628,-118.518964,2022-04-24 20:25:03+00:00,1626.118514
314,34.403924,-118.995836,2022-04-24 20:32:19+00:00,514.8495947
315,34.135435,-84.037699,2022-04-25 15:12:01+00:00,1952.904283
316,34.136976,-84.034457,2022-04-25 15:12:01+00:00,1944.361098
317,34.135219,-84.03704,2022-04-25 15:16:56+00:00,1919.26794
318,33.658484,-84.257348,2022-04-25 15:31:14+00:00,1998.691523
319,33.660363,-84.255942,2022-04-25 15:31:14+00:00,3122.217443
320,33.237053,-84.116976,2022-04-25 15:48:13+00:00,2356.212506
321,33.996324,-85.178355,2022-04-25 16:19:27+00:00,484.0696852
324,33.662517,-84.259379,2022-04-27 15:26:31+00:00,997.9658977
325,34.136242,-84.039531,2022-04-27 15:45:12+00:00,3385.966751
327,34.330252,-84.245359,2022-04-27 15:54:48+00:00,883.3061534
328,34.277672,-84.391611,2022-04-27 15:58:12+00:00,906.9627815
329,34.274024,-84.391304,2022-04-27 15:58:12+00:00,1701.066257
330,33.996632,-85.177973,2022-04-27 16:13:02+00:00,1711.95843
331,33.994301,-85.176268,2022-04-27 16:13:02+00:00,1564.563971
332,33.177082,-84.850196,2022-04-27 16:32:20+00:00,312.40936
333,33.177012,-84.850477,2022-04-27 16:37:24+00:00,362.0942143
334,33.175128,-84.845931,2022-04-27 16:37:24+00:00,647.7669001
335,33.603382,-86.522151,2022-04-27 17:15:48+00:00,2339.438329
336,33.713443,-86.85814,2022-04-27 17:29:07+00:00,3686.572579
337,33.708199,-87.058978,2022-04-27 17:34:34+00:00,2429.946642
338,33.709812,-87.057043,2022-04-27 17:34:34+00:00,1449.186171
339,33.18504,-86.698149,2022-04-27 17:51:23+00:00,980.673247
341,33.486778,-87.094031,2022-04-28 15:46:35+00:00,1157.728721
342,33.421375,-87.239944,2022-04-28 16:32:39+00:00,2069.070889
343,33.394408,-87.265568,2022-04-28 16:32:39+00:00,1440.735657
346,33.376974,-87.251949,2022-04-28 16:32:39+00:00,877.9224653
347,33.407757,-87.336679,2022-04-28 16:55:58+00:00,2349.911716
348,33.373811,-87.321106,2022-04-28 16:55:58+00:00,3798.92417
349,33.366042,-87.335058,2022-04-28 16:55:58+00:00,1237.749855
350,33.245204,-87.652852,2022-04-28 17:22:38+00:00,893.6071158
353,33.715211,-86.856396,2022-04-29 17:34:19+00:00,1735.363427
354,37.109602,-107.754283,2022-04-30 17:11:03+00:00,297.1865498
355,37.050823,-107.675143,2022-04-30 17:11:03+00:00,279.3196844
356,36.911922,-107.467582,2022-04-30 17:11:03+00:00,546.7696481
357,37.175436,-107.883801,2022-04-30 17:27:19+00:00,162.3340459
358,37.10081,-107.773803,2022-04-30 17:27:19+00:00,254.8436011
359,36.931265,-107.560715,2022-04-30 17:27:19+00:00,52.78170481
360,37.066393,-107.868888,2022-04-30 17:42:15+00:00,188.4432957
361,36.943111,-107.701675,2022-04-30 17:42:15+00:00,180.9519874
362,36.892893,-107.643211,2022-04-30 17:42:15+00:00,270.6271164
363,36.824815,-107.53687,2022-04-30 17:42:15+00:00,66.27339465
364,37.053147,-107.785141,2022-04-30 17:58:09+00:00,1291.518482
365,36.896956,-107.554729,2022-04-30 17:58:09+00:00,218.7587252
366,36.873304,-107.513467,2022-04-30 17:58:09+00:00,405.6815726
367,36.811908,-107.403936,2022-04-30 17:58:09+00:00,104.9419557
368,36.943305,-107.70188,2022-04-30 18:14:49+00:00,298.3212364
369,36.893059,-107.643944,2022-04-30 18:14:49+00:00,1127.011462
370,36.824787,-107.536912,2022-04-30 18:14:49+00:00,203.0112416
371,37.077343,-107.934072,2022-04-30 18:34:01+00:00,1548.767632
372,36.974549,-107.79647,2022-04-30 18:34:01+00:00,304.3640546
373,36.945442,-107.751815,2022-04-30 18:34:01+00:00,229.3766647
374,36.671319,-107.346823,2022-04-30 18:34:01+00:00,614.9434003
375,37.021031,-107.917602,2022-04-30 18:51:29+00:00,227.6880998
376,36.858451,-107.685277,2022-04-30 18:51:29+00:00,304.5927278
377,36.845702,-107.672756,2022-04-30 18:51:29+00:00,372.268919
378,36.643147,-107.355286,2022-04-30 18:51:29+00:00,142.6824003
379,37.103665,-108.067725,2022-04-30 19:11:23+00:00,175.824738
380,36.715918,-107.519961,2022-04-30 19:11:23+00:00,210.3134927
381,36.697098,-107.498977,2022-04-30 19:11:23+00:00,132.7622535
382,36.677479,-107.436795,2022-04-30 19:11:23+00:00,347.389113
383,36.837273,-107.738451,2022-04-30 19:28:57+00:00,381.1080438
384,36.730771,-107.552692,2022-04-30 19:28:57+00:00,168.7616009
385,36.629897,-107.441954,2022-04-30 19:28:57+00:00,900.5372584
386,36.593422,-107.39366,2022-04-30 19:28:57+00:00,303.568709
387,36.584769,-107.379226,2022-04-30 19:28:57+00:00,553.1797143
388,36.787202,-107.760731,2022-04-30 19:48:13+00:00,170.5741593
389,36.788204,-107.760706,2022-04-30 19:48:13+00:00,161.6443744
390,36.603491,-107.4967,2022-04-30 19:48:13+00:00,327.8684212
391,36.571158,-107.459955,2022-04-30 19:48:13+00:00,307.570569
392,36.527867,-107.387921,2022-04-30 19:48:13+00:00,521.1518138
393,36.77075,-107.815977,2022-04-30 20:04:54+00:00,673.2110873
394,36.767693,-107.803579,2022-04-30 20:04:54+00:00,171.7177984
395,36.723717,-107.746341,2022-04-30 20:04:54+00:00,330.7028769
396,36.481639,-107.370817,2022-04-30 20:04:54+00:00,637.110499
397,36.463288,-107.386472,2022-04-30 20:04:54+00:00,439.2893604
398,36.865346,-107.993945,2022-04-30 20:23:23+00:00,279.947469
399,36.929262,-108.149747,2022-04-30 20:39:34+00:00,221.9208357
400,36.925626,-108.148725,2022-04-30 20:39:34+00:00,144.3093013
401,36.903125,-108.083763,2022-04-30 20:39:34+00:00,75.62774494
402,36.907271,-108.077619,2022-04-30 20:39:34+00:00,185.2845622
403,36.421202,-107.384847,2022-04-30 20:39:34+00:00,200.9263281
404,36.86569,-108.071336,2022-04-30 20:58:25+00:00,340.3026226
405,36.758729,-107.912435,2022-04-30 20:58:25+00:00,133.9602078
406,36.764661,-107.981755,2022-04-30 21:16:21+00:00,209.3332313
407,36.711335,-107.894268,2022-04-30 21:16:21+00:00,1091.829139
408,36.92503,-108.265278,2022-05-01 16:02:58+00:00,98.73544123
409,36.732886,-107.968221,2022-05-01 16:02:58+00:00,324.6597829
410,36.732671,-107.961953,2022-05-01 16:02:58+00:00,266.2023793
412,36.599299,-107.751002,2022-05-01 16:02:58+00:00,468.5754819
413,36.530307,-107.656456,2022-05-01 16:02:58+00:00,501.149636
414,36.630784,-107.903077,2022-05-01 16:17:33+00:00,169.2801061
415,36.479282,-107.71073,2022-05-01 16:17:33+00:00,604.3481673
416,36.792667,-108.389029,2022-05-01 16:32:31+00:00,891.6221753
417,36.620486,-108.077573,2022-05-01 16:48:20+00:00,287.711038
418,36.549759,-107.914908,2022-05-01 17:02:35+00:00,652.3010614
419,36.520622,-107.817898,2022-05-01 17:18:16+00:00,279.5188303
420,36.479174,-107.710665,2022-05-01 17:33:11+00:00,517.026769
421,36.794433,-108.195534,2022-05-01 17:33:11+00:00,216.2169609
422,36.51591,-107.71603,2022-05-01 17:50:21+00:00,349.4044124
423,36.655993,-107.532254,2022-05-01 18:26:42+00:00,166.3248185
424,36.89609,-107.861279,2022-05-01 18:26:42+00:00,347.3269844
425,37.052812,-107.785773,2022-05-01 18:45:21+00:00,254.0667134
426,37.053744,-107.784876,2022-05-01 18:45:21+00:00,269.7460439
427,37.114979,-107.728662,2022-05-01 19:00:51+00:00,574.1130047
428,36.975557,-107.542185,2022-05-01 19:00:51+00:00,836.6861638
429,36.934669,-107.470763,2022-05-01 19:00:51+00:00,340.0549104
430,36.792583,-108.388953,2022-05-02 17:05:37+00:00,533.5202298
431,37.053867,-107.626014,2022-05-02 17:28:37+00:00,141.3316651
432,37.057798,-107.546898,2022-05-02 17:57:58+00:00,228.5393683
433,36.377332,-114.863674,2022-05-02 19:54:44+00:00,116.9646244
434,36.377162,-114.859802,2022-05-02 19:54:44+00:00,90.91184355
435,36.377318,-114.856175,2022-05-02 19:54:44+00:00,136.0775878
438,30.602739,-91.231783,2022-05-06 16:38:53+00:00,2655.92736
441,30.489394,-91.18801,2022-05-06 16:57:02+00:00,5316.639288
446,30.084048,-90.916151,2022-05-06 17:44:05+00:00,542.7524258
447,30.081087,-90.916436,2022-05-06 17:44:05+00:00,611.9020014
448,30.084047,-90.916136,2022-05-06 17:48:36+00:00,1041.722278
449,30.081097,-90.916427,2022-05-06 17:48:36+00:00,752.0733021
450,30.177304,-91.083994,2022-05-06 18:27:28+00:00,662.1038955
451,30.260491,-91.184346,2022-05-06 18:34:49+00:00,1164.747653
452,30.196919,-91.101229,2022-05-06 18:34:49+00:00,375.2284329
453,30.097801,-90.957107,2022-05-06 18:34:49+00:00,1675.535458
454,30.097715,-90.956883,2022-05-06 18:48:39+00:00,2126.951695
455,30.081052,-90.916445,2022-05-06 18:58:53+00:00,1241.076708
456,30.084188,-90.915361,2022-05-06 18:58:53+00:00,2010.466849
457,30.084062,-90.916237,2022-05-06 19:33:53+00:00,1771.870896
458,30.081085,-90.916455,2022-05-06 19:33:53+00:00,902.4036582
459,30.000539,-90.397601,2022-05-06 19:41:11+00:00,1021.946826
460,29.931254,-90.253337,2022-05-06 19:57:45+00:00,1464.248314
461,29.9345,-90.262472,2022-05-06 19:57:45+00:00,2837.329909
462,29.931278,-90.253223,2022-05-06 20:03:03+00:00,1913.053893
463,29.935278,-90.262464,2022-05-06 20:03:03+00:00,4761.128547
464,29.935182,-90.258808,2022-05-06 20:03:03+00:00,4696.416802
465,37.458161,-121.940725,2022-05-14 18:12:18+00:00,3375.362309
466,37.45809,-121.940274,2022-05-14 18:21:58+00:00,3669.39057
467,37.759599,-121.727583,2022-05-14 18:29:53+00:00,72.8820969
468,37.75879,-121.726906,2022-05-14 18:39:55+00:00,240.2173104
469,37.993948,-121.93687,2022-05-14 19:02:16+00:00,488.7871354
470,37.997333,-121.934843,2022-05-14 19:02:16+00:00,356.0968028
471,37.993923,-121.938637,2022-05-14 19:07:36+00:00,640.0379464
472,37.998189,-121.936714,2022-05-14 19:07:36+00:00,1553.155303
476,35.516012,-119.03859,2022-05-20 18:09:16+00:00,172.164214
477,35.509477,-119.03649,2022-05-20 18:09:16+00:00,209.603505
478,35.4733898,-119.05806,2022-05-20 18:15:09+00:00,48.7312314
479,35.4571785,-119.05461,2022-05-20 18:15:09+00:00,74.200737
480,35.280223,-119.60304,2022-05-20 18:53:19+00:00,69.7457338
481,35.27826,-119.60072,2022-05-20 18:53:19+00:00,248.769625
482,35.266172,-119.59412,2022-05-20 18:53:19+00:00,157.892365
483,35.2595684,-119.58534,2022-05-20 18:53:19+00:00,67.6894084
484,35.2752559,-119.38915,2022-05-20 19:22:45+00:00,302.398486
485,35.286338,-119.51016,2022-05-20 19:29:05+00:00,127.759239
486,35.281003,-119.51221,2022-05-20 19:29:05+00:00,73.6811864
487,35.2809864,-119.51223,2022-05-20 19:35:49+00:00,62.5748363
488,35.2803742,-119.50938,2022-05-20 19:35:49+00:00,93.6843957
489,35.283498,-119.50984,2022-05-20 19:35:49+00:00,6.59754296
490,35.2862287,-119.51027,2022-05-20 19:35:49+00:00,56.528467
491,35.2058407,-119.51772,2022-05-20 19:47:28+00:00,125.899391
492,35.17415,-119.45445,2022-05-20 19:47:28+00:00,81.9051479
493,35.153097,-119.40275,2022-05-20 19:47:28+00:00,152.277973
494,35.1219353,-119.47643,2022-05-20 19:55:13+00:00,31.7942057
495,35.092728,-119.43503,2022-05-20 19:55:13+00:00,144.642134
496,35.046303,-119.38578,2022-05-20 19:55:13+00:00,54.7027086
497,35.415136,-118.94524,2022-05-20 20:15:27+00:00,36.5822931
498,35.403011,-118.90452,2022-05-20 20:15:27+00:00,20.4872615
499,35.402876,-118.90491,2022-05-20 20:15:27+00:00,9.57145425
500,35.41516,-118.9452,2022-05-20 20:27:01+00:00,39.7369615
501,35.403002,-118.90452,2022-05-20 20:27:01+00:00,50.0846947
502,35.402866,-118.90489,2022-05-20 20:27:01+00:00,22.383964
503,35.402982,-118.90454,2022-05-20 20:31:54+00:00,64.9665703
504,35.402982,-118.90454,2022-05-20 20:36:26+00:00,33.3636499
505,35.4029882,-118.90453,2022-05-20 20:43:22+00:00,60.5898785
506,35.4029851,-118.90452,2022-05-20 20:47:40+00:00,99.9131441
507,35.415169,-118.94532,2022-05-23 18:12:47+00:00,43.3977942
508,35.41516,-118.94528,2022-05-23 18:39:11+00:00,42.4813587
509,35.34862,-119.64697,2022-05-23 19:14:35+00:00,75.3583959
510,35.2785603,-119.60109,2022-05-23 19:14:35+00:00,23.7760346
511,35.2785603,-119.60109,2022-05-23 19:14:35+00:00,23.7760346
512,35.2594315,-119.58556,2022-05-23 19:14:35+00:00,38.1347311
513,35.35693,-119.65478,2022-05-23 19:14:35+00:00,84.1784414
514,35.3575158,-119.65099,2022-05-23 19:14:35+00:00,43.9887412
515,35.360078,-119.66036,2022-05-23 19:25:54+00:00,41.8701023
516,35.3569001,-119.65468,2022-05-23 19:25:54+00:00,60.2445587
517,35.3211162,-119.63086,2022-05-23 19:25:54+00:00,52.2546214
518,35.280951,-119.60385,2022-05-23 19:25:54+00:00,78.3747971
519,35.278347,-119.60106,2022-05-23 19:25:54+00:00,95.0969189
520,35.356941,-119.6548,2022-05-23 19:37:59+00:00,37.8142101
521,35.280494,-119.60354,2022-05-23 19:37:59+00:00,228.39198
522,35.27848,-119.601,2022-05-23 19:37:59+00:00,64.4599871
523,35.2595521,-119.58539,2022-05-23 19:37:59+00:00,85.3028815
524,35.4151122,-118.9452,2022-05-23 19:53:57+00:00,42.3783662
525,35.4149719,-118.94521,2022-05-23 19:57:23+00:00,31.6161782
526,35.415113,-118.94517,2022-05-23 20:08:41+00:00,67.252813
527,35.415036,-118.94528,2022-05-23 20:12:02+00:00,66.2496065
528,35.415167,-118.94525,2022-05-23 20:15:43+00:00,54.3720273
529,35.415155,-118.94526,2022-05-23 20:34:40+00:00,55.7413829
530,35.415152,-118.94523,2022-05-23 20:38:51+00:00,65.2503171
531,35.415142,-118.945267,2022-05-30 18:42:14+00:00,59.60839598
532,35.41529081,-118.9078825,2022-05-30 18:53:53+00:00,17.01656076
533,35.415132,-118.945255,2022-05-30 19:22:59+00:00,35.60033627
534,35.432863,-119.143592,2022-05-30 20:16:34+00:00,58.74497328
535,35.29527625,-118.9171036,2022-05-30 20:43:30+00:00,78.31375757
536,35.432875,-119.143537,2022-05-30 21:22:55+00:00,262.239608
537,36.56926,-100.860348,2022-06-04 15:55:14+00:00,429.4933851
538,29.931215,-90.253519,2022-06-04 15:58:09+00:00,2731.060742
539,29.935104,-90.262639,2022-06-04 15:58:09+00:00,6131.474924
540,36.569226,-100.860494,2022-06-04 16:09:20+00:00,215.1842386
541,36.904094,-100.871547,2022-06-04 16:09:20+00:00,879.8236785
542,36.840584,-100.888024,2022-06-04 16:21:46+00:00,119.4920603
543,37.05522,-100.899871,2022-06-04 16:21:46+00:00,1785.143123
544,30.602954,-91.231627,2022-06-04 17:12:18+00:00,5029.649317
545,30.489393,-91.188088,2022-06-04 17:22:21+00:00,1274.664182
546,30.484952,-91.192203,2022-06-04 17:22:21+00:00,831.9370093
547,29.378471,-94.9002,2022-06-04 20:48:25+00:00,519.4286203
548,36.769979,-101.857787,2022-06-05 21:39:53+00:00,156.0973382
549,36.546082,-101.830691,2022-06-05 21:52:09+00:00,231.8648674
550,36.603097,-101.778981,2022-06-05 22:17:44+00:00,841.4650229
551,36.532173,-101.268745,2022-06-06 17:23:25+00:00,245.7318543
552,36.53212,-101.268797,2022-06-06 17:36:22+00:00,260.6124365
553,36.969154,-101.296958,2022-06-06 17:47:46+00:00,105.0746428
554,36.544309,-101.29538,2022-06-06 17:47:46+00:00,66.60823897
555,36.529441,-101.331725,2022-06-06 18:00:30+00:00,286.0227576
556,36.70377,-101.349207,2022-06-06 18:12:10+00:00,99.34396477
557,36.755816,-101.479092,2022-06-06 19:26:29+00:00,349.5497893
558,36.903867,-101.604405,2022-06-06 20:31:16+00:00,119.8263569
559,27.907995,-97.370214,2022-06-07 18:29:48+00:00,290.8729551
560,29.828238,-95.234547,2022-06-07 20:10:15+00:00,2886.912668
561,29.83074,-95.241767,2022-06-07 20:10:15+00:00,972.6719876
562,29.949144,-95.232315,2022-06-07 20:15:04+00:00,820.5504901
566,27.907997,-97.370201,2022-06-09 18:18:21+00:00,262.7942946
567,27.919435,-97.363601,2022-06-09 18:18:21+00:00,107.4361045
568,27.892133,-97.427006,2022-06-09 18:34:03+00:00,149.5910898
569,28.995889,-95.317632,2022-06-09 19:45:02+00:00,4409.767006
571,29.367759,-94.906727,2022-06-09 19:58:31+00:00,820.8592063
572,29.369946,-94.90262,2022-06-09 19:58:31+00:00,293.36321
573,29.758298,-93.871148,2022-06-09 20:27:30+00:00,640.2167581
574,35.780908,-100.628949,2022-06-10 15:15:38+00:00,589.4391865
575,36.172616,-100.612466,2022-06-10 15:34:07+00:00,864.4440472
576,35.805704,-100.587909,2022-06-10 15:51:41+00:00,207.8251649
578,35.788574,-100.48075,2022-06-10 17:24:58+00:00,536.436103
580,35.697454,-100.384898,2022-06-10 18:38:46+00:00,365.9519182
581,35.463029,-100.396199,2022-06-10 18:38:46+00:00,2733.162464
582,29.755801,-95.016363,2022-06-10 18:51:07+00:00,370.085047
583,29.721899,-95.176688,2022-06-10 18:58:43+00:00,886.5070339
584,29.727601,-95.132715,2022-06-10 18:58:43+00:00,502.003323
585,29.705767,-95.056641,2022-06-10 19:06:48+00:00,786.3460361
586,29.622533,-95.044707,2022-06-10 19:21:15+00:00,374.5279095
587,29.830701,-95.240665,2022-06-10 19:46:46+00:00,423.6244825
589,29.952146,-95.233298,2022-06-10 19:54:14+00:00,3943.743197
590,29.949042,-95.232207,2022-06-10 19:54:14+00:00,1082.259708
591,29.428065,-95.190582,2022-06-10 20:13:20+00:00,4375.87261
592,28.933282,-95.317979,2022-06-10 20:40:20+00:00,4287.392997
593,29.758294,-93.871054,2022-06-10 21:14:42+00:00,1055.213965
594,35.836569,-100.289019,2022-06-11 19:02:38+00:00,151.8433953
595,35.836482,-100.289103,2022-06-11 19:21:00+00:00,183.6310302
596,35.717587,-100.280557,2022-06-11 19:21:00+00:00,666.6181427
597,35.705303,-100.275892,2022-06-11 19:21:00+00:00,665.3295377
598,35.604353,-100.268252,2022-06-11 19:21:00+00:00,1094.998887
599,35.700477,-100.215435,2022-06-11 19:56:29+00:00,869.4785383
600,35.648685,-100.215367,2022-06-11 19:56:29+00:00,291.2447453
601,35.935048,-100.208098,2022-06-11 20:13:06+00:00,771.6330093
602,35.700449,-100.21527,2022-06-11 20:13:06+00:00,871.5482365
603,35.606775,-100.149876,2022-06-11 20:48:11+00:00,3463.798068
605,36.115151,-100.139426,2022-06-11 21:05:29+00:00,784.7046969
606,35.810388,-100.144724,2022-06-11 21:05:29+00:00,658.6230721
608,35.561436,-100.133549,2022-06-11 21:22:24+00:00,689.4847464
609,35.698895,-100.087326,2022-06-11 21:40:26+00:00,491.3943716
610,35.522858,-100.066684,2022-06-11 21:57:09+00:00,971.106297
611,36.078,-100.04682,2022-06-12 16:50:31+00:00,1121.115159
612,35.910743,-100.052972,2022-06-12 16:50:31+00:00,614.1476513
613,35.755967,-100.054922,2022-06-12 16:50:31+00:00,574.3648679
614,36.089985,-100.045156,2022-06-12 17:07:07+00:00,659.7932636
616,35.538485,-99.966267,2022-06-12 17:42:27+00:00,551.859803
617,35.537641,-99.991622,2022-06-12 17:42:27+00:00,635.6441211
618,35.538519,-99.966166,2022-06-12 18:00:17+00:00,740.537221
619,35.697439,-99.966433,2022-06-12 18:00:17+00:00,2118.368433
620,29.829628,-95.234522,2022-06-12 20:49:02+00:00,2043.497772
621,29.95302,-95.232682,2022-06-12 20:55:53+00:00,2525.119066
622,29.949124,-95.231407,2022-06-12 20:55:53+00:00,843.7978776
623,29.427869,-95.18965,2022-06-12 21:14:45+00:00,3779.009204
624,35.654108,-99.883228,2022-06-13 16:16:50+00:00,1873.632385
625,35.654051,-99.883079,2022-06-13 16:36:52+00:00,1425.843739
626,35.854476,-99.802026,2022-06-13 17:30:42+00:00,702.6650805
627,35.965754,-99.779354,2022-06-13 17:51:45+00:00,1218.37175
629,35.413123,-99.723481,2022-06-13 18:41:12+00:00,507.6032405
630,29.758262,-93.871279,2022-06-13 20:32:06+00:00,322.6086773
631,29.758369,-93.871007,2022-06-13 20:37:51+00:00,980.5937566
632,30.053349,-93.758157,2022-06-13 20:54:43+00:00,1268.709187
634,29.981478,-90.468244,2022-06-14 16:31:11+00:00,844.3141999
635,29.934376,-90.261816,2022-06-14 16:31:11+00:00,3947.511407
636,30.212991,-91.007188,2022-06-14 16:49:22+00:00,1073.877838
637,30.088013,-90.867405,2022-06-14 17:00:15+00:00,227.2702141
638,35.458889,-99.669746,2022-06-14 17:21:10+00:00,1535.930276
639,30.602769,-91.231887,2022-06-14 17:40:29+00:00,2129.571605
640,30.489453,-91.188077,2022-06-14 17:49:10+00:00,567.7598821
641,30.484782,-91.19217,2022-06-14 17:49:10+00:00,327.6994288
642,30.482125,-91.186407,2022-06-14 17:49:10+00:00,163.019485
643,30.483867,-91.172706,2022-06-14 17:49:10+00:00,369.835524
644,29.759795,-93.871069,2022-06-14 19:06:29+00:00,633.9190437
650,35.596226,-99.47345,2022-06-14 19:44:55+00:00,1019.73401
651,35.596313,-99.473312,2022-06-14 20:04:37+00:00,2014.46106
653,30.213002,-91.007091,2022-06-15 17:32:45+00:00,311.9218501
654,30.196202,-91.100528,2022-06-15 18:08:34+00:00,72.16880501
655,30.602894,-91.232754,2022-06-15 18:27:34+00:00,1186.198406
656,30.489333,-91.188016,2022-06-15 18:37:39+00:00,623.9478632
657,35.592242,-99.420147,2022-06-15 19:43:22+00:00,348.7386493
658,35.681604,-99.28327,2022-06-16 17:46:30+00:00,634.1717038
659,35.592285,-99.420149,2022-06-16 19:12:33+00:00,463.9142957
660,28.987926,-95.312378,2022-06-17 17:38:21+00:00,1771.592317
661,28.988483,-95.312776,2022-06-17 17:46:47+00:00,347.7236757
662,29.424568,-95.192155,2022-06-17 18:15:18+00:00,153.5594136
663,29.427967,-95.190812,2022-06-17 18:15:18+00:00,821.0131959
664,29.680274,-94.918819,2022-06-17 18:26:15+00:00,1060.659431
665,29.681164,-94.917508,2022-06-17 18:26:15+00:00,812.1292703
666,29.680375,-94.919323,2022-06-17 18:31:49+00:00,1139.179024
667,29.681412,-94.918748,2022-06-17 18:31:49+00:00,1273.09194
668,29.772372,-94.904796,2022-06-17 18:37:04+00:00,205.623284
669,29.772195,-94.904902,2022-06-17 18:42:54+00:00,299.687039
670,29.951287,-95.232666,2022-06-17 19:00:47+00:00,701.2779639
671,29.95287,-95.232735,2022-06-17 19:18:47+00:00,630.3561429
672,29.949542,-95.232794,2022-06-17 19:18:47+00:00,104.1591576
673,29.772417,-94.904781,2022-06-17 19:31:58+00:00,489.1576772
674,29.750403,-94.92603,2022-06-17 19:31:58+00:00,866.188119
675,29.379192,-95.062202,2022-06-17 19:56:23+00:00,492.7179309
676,29.426935,-95.191411,2022-06-17 20:01:22+00:00,630.5092828
677,29.706701,-95.078183,2022-06-17 20:31:13+00:00,1611.326433
678,29.622636,-95.044841,2022-06-17 20:43:50+00:00,658.5757639
679,29.622644,-95.044711,2022-06-17 20:52:20+00:00,740.2090528
681,29.93477,-90.262951,2022-06-18 15:02:17+00:00,5169.646902
682,36.49925,-101.679965,2022-06-18 15:43:00+00:00,436.5917645
684,30.489363,-91.188085,2022-06-18 16:31:07+00:00,495.9946112
685,30.603922,-91.232642,2022-06-18 16:42:07+00:00,534.4532638
686,30.603297,-91.234858,2022-06-18 16:57:16+00:00,976.8208459
688,30.053555,-93.332977,2022-06-18 19:46:41+00:00,880.9128316
691,47.744285,-102.776233,2022-06-22 16:01:39+00:00,2903.57297
692,47.76233781,-103.1129276,2022-06-22 16:18:56+00:00,3494.392701
693,47.792101,-103.38649,2022-06-22 17:02:29+00:00,1645.416459
694,47.79100262,-103.3497629,2022-06-22 17:02:29+00:00,1136.903746
695,47.801108,-102.918084,2022-06-22 17:02:29+00:00,4161.427309
696,47.82073313,-102.5174108,2022-06-22 17:26:13+00:00,1553.340459
697,47.8488558,-103.3433163,2022-06-22 17:43:36+00:00,668.7908194
698,47.858815,-103.189847,2022-06-22 18:07:20+00:00,3231.867466
699,47.84968859,-102.6358059,2022-06-22 18:07:20+00:00,380.4802648
700,48.170835,-102.81675,2022-06-23 15:20:12+00:00,705.0704397
701,48.169786,-102.506458,2022-06-23 15:20:12+00:00,1230.939163
702,48.111472,-103.046494,2022-06-23 16:00:11+00:00,1711.895703
703,48.109791,-102.858867,2022-06-23 16:00:11+00:00,1887.829158
704,48.110136,-102.837535,2022-06-23 16:00:11+00:00,1475.218991
705,48.110693,-102.577569,2022-06-23 16:00:11+00:00,1318.467451
706,48.109993,-102.83738,2022-06-23 16:23:43+00:00,1752.374309
707,48.077002,-102.774256,2022-06-23 16:40:48+00:00,727.884284
708,48.03979,-103.464203,2022-06-23 17:23:33+00:00,633.517679
709,47.99169026,-102.645141,2022-06-23 18:04:41+00:00,229.0267021
710,47.984904,-103.354196,2022-06-23 18:27:34+00:00,855.5892842
711,47.94652085,-103.5000342,2022-06-23 19:07:29+00:00,144.8676975
712,42.087766,-82.864812,2022-06-25 13:49:48+00:00,972.2987618
713,42.309615,-82.050539,2022-06-25 14:02:49+00:00,211.8717466
714,42.31539,-82.054742,2022-06-25 14:02:49+00:00,148.6569349
715,42.976146,-81.876627,2022-06-25 14:15:34+00:00,159.9624982
716,42.975997,-81.872102,2022-06-25 14:15:34+00:00,1372.086105
717,42.974675,-81.869031,2022-06-25 14:15:34+00:00,470.080882
718,42.811314,-81.334213,2022-06-25 14:25:33+00:00,1385.094534
719,42.809495,-81.333381,2022-06-25 14:25:33+00:00,598.5773761
721,42.089958,-82.866368,2022-06-25 17:28:25+00:00,1242.708988
722,42.087747,-82.86479,2022-06-25 17:28:25+00:00,401.6936278
723,42.088861,-82.86391,2022-06-25 17:28:25+00:00,484.3990168
726,42.975995,-81.873478,2022-06-25 17:56:20+00:00,1191.962121
727,42.974747,-81.869028,2022-06-25 17:56:20+00:00,348.021545
728,42.809492,-81.333327,2022-06-25 18:06:10+00:00,393.4983583
729,43.077265,-79.793026,2022-06-25 18:50:01+00:00,254.4557826
732,47.740167,-103.328758,2022-06-26 16:02:46+00:00,4012.917776
733,47.734905,-102.642447,2022-06-26 16:02:46+00:00,10562.56419
734,47.760101,-103.026683,2022-06-26 16:24:14+00:00,3081.294986
735,42.310313,-82.052395,2022-06-27 13:33:52+00:00,253.4483974
736,42.088758,-82.864902,2022-06-27 14:05:36+00:00,2559.149167
737,42.973859,-81.869576,2022-06-27 14:25:39+00:00,1713.418262
738,42.809955,-81.333212,2022-06-27 14:36:12+00:00,544.6801403
739,42.808855,-81.33279,2022-06-27 14:36:12+00:00,871.4690453
740,47.875255,-102.689158,2022-06-27 15:01:52+00:00,1797.340473
744,42.088338,-82.865653,2022-06-27 16:35:36+00:00,963.7415542
745,42.089546,-82.864357,2022-06-27 16:35:36+00:00,591.5549239
746,47.972826,-103.203271,2022-06-27 16:36:54+00:00,951.9103045
747,48.006601,-103.389411,2022-06-27 16:58:40+00:00,921.8825779
748,48.006602,-103.389418,2022-06-27 17:15:57+00:00,665.9538803
749,48.051505,-103.219657,2022-06-27 17:37:42+00:00,416.2996651
750,48.053085,-102.872965,2022-06-27 17:54:41+00:00,1535.473059
751,45.746227,-73.539402,2022-06-28 13:26:27+00:00,1850.207732
753,45.746964,-73.535219,2022-06-28 19:51:31+00:00,1333.257738
755,42.809409,-81.33205,2022-06-30 13:50:47+00:00,2271.808724
756,42.976333,-81.869478,2022-06-30 14:02:04+00:00,2362.505948
758,42.089561,-82.865516,2022-06-30 14:26:05+00:00,1595.323047
759,42.088737,-82.863981,2022-06-30 14:26:05+00:00,1042.910467
760,42.164597,-83.207467,2022-06-30 14:33:13+00:00,2236.194406
764,42.262317,-83.433016,2022-06-30 15:22:22+00:00,2680.967607
766,42.095014,-83.432541,2022-06-30 15:30:39+00:00,124.5734423
767,41.517563,-84.585494,2022-06-30 15:51:59+00:00,161.1110363
768,41.31046,-82.1732,2022-06-30 16:25:31+00:00,573.1922511
769,40.972887,-82.483583,2022-06-30 16:34:00+00:00,1092.319744
770,40.971249,-82.480332,2022-06-30 16:34:00+00:00,329.9591823
771,40.965798,-82.485942,2022-06-30 16:34:00+00:00,220.4176478
773,40.820196,-82.870715,2022-06-30 16:42:45+00:00,165.4688653
775,40.427386,-80.917378,2022-06-30 17:06:35+00:00,1353.400903
776,40.994355,-80.534395,2022-06-30 17:19:28+00:00,620.0899697
777,40.996782,-80.532594,2022-06-30 17:19:28+00:00,716.0368715
778,40.996169,-80.52876,2022-06-30 17:19:28+00:00,1186.979675
779,40.428551,-80.919883,2022-06-30 17:40:18+00:00,1732.110046
781,40.497623,-81.520797,2022-06-30 17:48:41+00:00,4099.177777
782,40.993305,-80.528714,2022-06-30 19:46:20+00:00,547.9362529
784,40.42748,-80.918231,2022-06-30 19:59:02+00:00,2073.274731
786,40.97378,-82.483484,2022-06-30 20:23:14+00:00,1324.59714
787,40.820732,-82.870055,2022-06-30 20:32:29+00:00,354.9124372
788,41.308802,-82.170455,2022-06-30 20:55:22+00:00,2394.317281
792,41.306695,-82.168577,2022-07-21 14:09:40+00:00,5024.475196
794,42.261683,-83.431114,2022-07-21 14:47:24+00:00,4442.520785
801,39.082421,-82.956074,2022-07-22 15:37:36+00:00,3608.492239
831,53.312792,-114.328457,2022-08-24 18:36:43+00:00,167.320561
832,49.725536,-114.802378,2022-09-02 19:12:24+00:00,1047.376963
833,50.191659,-114.871544,2022-09-02 19:35:54+00:00,796.8551226
834,50.193976,-114.874531,2022-09-02 19:35:54+00:00,932.1606729
835,50.194256,-114.876864,2022-09-02 19:35:54+00:00,589.148365
836,50.195308,-114.87122,2022-09-02 19:35:54+00:00,459.0117719
837,50.188567,-114.902655,2022-09-02 19:35:54+00:00,971.2712059
838,50.183065,-114.899955,2022-09-02 19:35:54+00:00,905.3892863
839,50.123689,-114.883974,2022-09-02 19:35:54+00:00,106.1340086
840,50.119769,-114.879841,2022-09-02 19:35:54+00:00,150.3115953
841,50.204622,-114.89903,2022-09-02 19:35:54+00:00,372.9289986
842,50.191987,-114.837046,2022-09-02 19:42:01+00:00,579.5202014
843,50.119344,-114.880252,2022-09-03 18:43:12+00:00,225.2349849
844,50.193056,-114.876831,2022-09-03 18:43:12+00:00,151.1155967
845,50.19265,-114.886642,2022-09-03 18:43:12+00:00,33.58391477
846,50.208947,-114.896501,2022-09-03 18:43:12+00:00,386.4869688
847,50.188764,-114.900801,2022-09-03 18:43:12+00:00,857.8019322
848,50.184008,-114.897394,2022-09-03 18:43:12+00:00,1057.282125
849,50.193462,-114.869844,2022-09-03 18:53:20+00:00,164.0158451
850,50.191859,-114.834541,2022-09-03 18:53:20+00:00,510.1840442
851,50.19426,-114.845726,2022-09-03 18:53:20+00:00,183.3533714
852,50.156122,-114.902228,2022-09-03 19:04:13+00:00,346.691015
853,50.183056,-114.900063,2022-09-03 19:04:13+00:00,588.7212798
854,50.188469,-114.902438,2022-09-03 19:04:13+00:00,1242.406411
855,50.192513,-114.886718,2022-09-03 19:04:13+00:00,94.09379601
856,50.193467,-114.876416,2022-09-03 19:04:13+00:00,236.6916075
857,50.209249,-114.891872,2022-09-03 19:04:13+00:00,338.1127812
858,50.155753,-114.90269,2022-09-03 19:10:32+00:00,205.8173165
861,50.193334,-114.876846,2022-09-03 19:10:32+00:00,129.9879304
863,49.739265,-114.818443,2022-09-03 19:30:07+00:00,978.9763964
874,32.870346,-111.896815,2022-09-06 19:17:39+00:00,225.7658542
875,50.118722,-114.880338,2022-09-06 19:20:17+00:00,376.97549
880,50.187932,-114.897206,2022-09-06 19:20:17+00:00,972.8587562
881,50.192378,-114.837619,2022-09-06 19:26:44+00:00,619.9088638
882,49.74407,-114.837739,2022-09-06 19:57:51+00:00,525.8098686
883,49.738426,-114.816041,2022-09-06 20:02:50+00:00,1299.924281
886,49.744148,-114.838747,2022-09-06 20:27:47+00:00,731.3179998
887,50.119057,-114.880526,2022-09-06 20:59:37+00:00,490.9957971
892,50.197272,-114.896936,2022-09-06 20:59:37+00:00,3131.97276
895,40.994604,-80.534108,2022-09-09 15:15:53+00:00,2540.589719
896,40.994487,-80.529824,2022-09-09 15:15:53+00:00,2097.719738
897,40.992753,-80.534009,2022-09-09 15:23:19+00:00,2429.588747
898,40.994383,-80.530948,2022-09-09 15:23:19+00:00,2250.085822
899,40.994552,-80.530825,2022-09-09 15:31:00+00:00,1494.0801
900,40.993251,-80.530494,2022-09-09 15:39:05+00:00,2676.737187
904,40.496422,-81.519136,2022-09-09 16:04:26+00:00,2811.75507
905,40.495616,-81.519929,2022-09-09 16:09:28+00:00,2618.444478
910,40.495864,-81.520508,2022-09-09 16:35:37+00:00,2449.452028
911,40.495585,-81.519697,2022-09-09 16:40:38+00:00,1752.222147
915,40.49856,-81.521592,2022-09-09 17:03:47+00:00,4074.812539
916,40.497085,-81.523244,2022-09-09 17:03:47+00:00,4632.051371
917,40.498616,-81.521442,2022-09-09 17:09:08+00:00,2495.592501
918,40.49555,-81.518868,2022-09-09 17:09:08+00:00,1270.900229
919,40.495475,-81.518555,2022-09-09 17:14:14+00:00,1103.390517
920,40.496905,-81.521253,2022-09-09 17:14:14+00:00,2224.447044
921,41.305732,-82.169299,2022-09-09 17:32:06+00:00,575.010393
922,41.312109,-82.169583,2022-09-09 17:32:06+00:00,982.5172013
923,41.30942,-82.171501,2022-09-09 18:09:51+00:00,2349.736024
924,41.307536,-82.173778,2022-09-09 18:09:51+00:00,1212.473919
925,41.306076,-82.169536,2022-09-09 18:15:02+00:00,556.491303
926,41.310141,-82.174233,2022-09-09 18:15:02+00:00,3091.280069
927,41.310489,-82.169656,2022-09-09 18:15:02+00:00,864.725997
928,41.307568,-82.17377,2022-09-09 18:15:02+00:00,1466.925053
929,41.306119,-82.169693,2022-09-09 18:20:05+00:00,1389.580863
930,41.310023,-82.17125,2022-09-09 18:20:05+00:00,1917.374673
931,41.30721,-82.171316,2022-09-09 18:20:05+00:00,1667.497913
932,41.307669,-82.173751,2022-09-09 18:20:05+00:00,1616.873442
933,41.309609,-82.171758,2022-09-09 18:25:41+00:00,2641.345213
934,41.306606,-82.17441,2022-09-09 18:25:41+00:00,782.7247089
935,41.309711,-82.170371,2022-09-09 18:30:59+00:00,1830.489693
944,42.906432,-82.593737,2022-09-15 16:16:27+00:00,1686.766523
945,42.905561,-82.5944,2022-09-15 16:22:06+00:00,1353.507543
946,42.904351,-82.592939,2022-09-15 16:22:06+00:00,1251.461676
947,42.905104,-82.596638,2022-09-15 16:27:31+00:00,1378.165535
952,36.062864,-119.118984,2022-09-16 17:54:26+00:00,19.6075514
953,36.412267,-119.367808,2022-09-16 18:19:50+00:00,208.4361509
954,36.701703,-120.093406,2022-09-16 18:32:18+00:00,673.7270085
955,36.3373,-119.515259,2022-09-16 18:46:26+00:00,82.00570466
957,36.236862,-119.571003,2022-09-16 18:52:35+00:00,75.59646371
958,36.300982,-119.519928,2022-09-16 18:52:35+00:00,92.82892751
959,36.320948,-119.513901,2022-09-16 18:52:35+00:00,374.2968229
960,36.280884,-119.528268,2022-09-16 18:58:01+00:00,196.6253144
961,36.030621,-119.508072,2022-09-16 19:31:02+00:00,243.6224051
962,36.014474,-119.484522,2022-09-16 19:31:02+00:00,108.8290944
963,36.002574,-119.461403,2022-09-16 19:31:02+00:00,138.727254
964,36.0732,-119.440729,2022-09-16 19:36:55+00:00,96.71415444
965,36.100285,-119.358456,2022-09-16 19:36:55+00:00,124.066606
966,35.473772,-119.430168,2022-09-16 19:50:38+00:00,710.7315862
967,35.215274,-119.185182,2022-09-16 20:04:03+00:00,178.7806572
968,35.209705,-119.20964,2022-09-16 20:08:44+00:00,105.2128391
969,35.165888,-119.100057,2022-09-16 20:08:44+00:00,80.13512667
970,33.719523,-117.697688,2022-09-16 21:09:07+00:00,78.71173917
971,33.638429,-117.956731,2022-09-16 21:16:14+00:00,604.9883311
976,42.707981,-83.246804,2022-09-17 17:10:35+00:00,1356.50217
977,42.705797,-83.245752,2022-09-17 17:16:00+00:00,1018.068269
978,42.706996,-83.247838,2022-09-17 17:20:40+00:00,754.4798112
979,42.261916,-83.433171,2022-09-17 17:42:55+00:00,1074.384404
980,33.709397,-87.057447,2022-09-20 16:03:03+00:00,1776.45303
981,33.709236,-87.057454,2022-09-20 16:08:17+00:00,1339.87678
982,33.713026,-86.857028,2022-09-20 16:12:47+00:00,4095.191783
983,33.716403,-86.857675,2022-09-20 16:16:26+00:00,2417.308771
986,33.708189,-87.057105,2022-09-20 16:44:19+00:00,1045.400187
987,33.711352,-87.057483,2022-09-20 16:48:28+00:00,2386.785146
988,33.709455,-87.057443,2022-09-20 16:53:03+00:00,2730.678757
989,33.708504,-87.056707,2022-09-20 16:58:27+00:00,2432.469972
990,33.715237,-86.856394,2022-09-20 17:03:41+00:00,2254.820151
991,33.715648,-86.858149,2022-09-20 17:08:27+00:00,1504.34718
992,33.715393,-86.85896,2022-09-20 17:12:37+00:00,2189.740987
993,33.713619,-86.856966,2022-09-20 17:17:20+00:00,2434.783159
998,33.241848,-87.652027,2022-09-21 16:20:35+00:00,646.5351638
999,33.245218,-87.65277,2022-09-21 16:28:28+00:00,1164.079781
1020,34.977474,-78.461023,2022-09-23 15:43:54+00:00,4686.220194
1035,35.517162,-78.426043,2022-09-23 18:14:25+00:00,980.0874449
1037,34.746758,-78.810816,2022-09-24 17:25:24+00:00,186.4322257
1038,34.792499,-78.912928,2022-09-24 17:35:36+00:00,336.4879189
1039,35.338597,-80.65685,2022-09-26 15:02:09+00:00,1619.578759
1040,35.348774,-80.662871,2022-09-26 15:02:09+00:00,741.4346946
1042,35.339301,-79.968115,2022-09-26 15:24:58+00:00,1687.0
1045,35.010412,-80.16051,2022-09-26 15:32:57+00:00,524.6915665
1046,35.007082,-80.16475,2022-09-26 15:32:57+00:00,1443.238366
1049,34.136187,-84.035814,2022-09-26 16:09:10+00:00,3594.674526
1050,34.134131,-84.033586,2022-09-26 16:09:10+00:00,4750.900474
1051,34.135219,-84.040237,2022-09-26 16:09:10+00:00,3776.484829
1052,34.272881,-84.392206,2022-09-26 16:22:31+00:00,2831.301751
1053,34.792158,-78.90997,2022-09-26 16:37:17+00:00,688.0
1055,34.746429,-78.810346,2022-09-26 16:43:28+00:00,682.8562547
1060,34.274786,-84.392792,2022-09-26 17:35:00+00:00,2352.182586
1061,34.276264,-84.391017,2022-09-26 17:45:45+00:00,2799.059034
1062,34.274249,-84.393466,2022-09-26 17:53:39+00:00,2722.413424
1063,34.276264,-84.391017,2022-09-26 17:53:39+00:00,2452.953535
1064,34.135496,-84.039954,2022-09-26 18:03:13+00:00,2830.286026
1065,34.135513,-84.039863,2022-09-26 18:08:08+00:00,2403.578382
1066,34.273787,-84.392341,2022-09-26 18:22:12+00:00,4407.666835
1069,35.012531,-80.161765,2022-09-27 16:31:30+00:00,1804.0
1070,35.340857,-80.65764,2022-09-27 16:49:18+00:00,1453.417505
1075,35.914582,-81.596468,2022-09-27 17:36:14+00:00,763.8715427
1076,33.236422,-84.116104,2022-09-27 17:46:14+00:00,4380.601493
1077,36.598554,-82.147116,2022-09-27 17:54:02+00:00,1438.536476
1078,33.234674,-84.117187,2022-09-27 17:56:51+00:00,4857.1388
1079,33.234902,-84.116347,2022-09-27 18:02:35+00:00,5276.747286
1080,33.235091,-84.12009,2022-09-27 18:02:35+00:00,1274.233251
1081,33.235916,-84.11597,2022-09-27 18:08:01+00:00,4221.055703
1082,33.234398,-84.116328,2022-09-27 18:14:08+00:00,3473.597063
1083,33.235607,-84.117335,2022-09-27 18:20:37+00:00,4182.903806
1084,33.235795,-84.119232,2022-09-27 18:26:25+00:00,2439.468932
1086,33.996655,-85.177912,2022-09-27 19:15:20+00:00,3642.008244
1087,33.996791,-85.177399,2022-09-27 19:21:15+00:00,2455.222192
1088,34.136192,-84.04115,2022-09-27 19:42:40+00:00,2193.37199
1089,34.136619,-84.038375,2022-09-27 19:42:40+00:00,2822.430754
1090,34.135976,-84.040657,2022-09-27 19:49:12+00:00,4509.012923
1091,33.996478,-85.177919,2022-09-27 20:17:38+00:00,3735.754516
1092,33.682721,-86.253351,2022-09-28 16:28:44+00:00,1156.094737
1140,39.885755,-80.538624,2022-10-03 16:09:32+00:00,3941.093332
1142,39.872244,-80.445557,2022-10-03 16:09:32+00:00,2109.053676
1144,39.859337,-80.399861,2022-10-03 16:09:32+00:00,3270.279364
1152,39.816174,-80.558875,2022-10-03 17:27:44+00:00,2540.119437
1165,43.211151,-78.974016,2022-10-05 15:17:43+00:00,2695.0
1168,35.920072,-81.594986,2022-10-08 15:02:26+00:00,598.073474
1169,35.338855,-80.660344,2022-10-08 15:39:49+00:00,4730.342965
1174,40.075429,-80.496219,2022-10-09 16:23:40+00:00,2713.722972
1175,40.089367,-80.489318,2022-10-09 16:23:40+00:00,1386.29068
1176,39.821169,-80.606542,2022-10-09 16:23:40+00:00,1948.483478
1177,39.791961,-80.607171,2022-10-09 16:23:40+00:00,2374.880737
1184,39.681736,-80.297188,2022-10-09 18:23:31+00:00,1537.570305
1185,39.836204,-80.273628,2022-10-09 18:35:05+00:00,6633.04067
1189,38.405684,-82.018927,2022-10-14 15:19:08+00:00,1565.271108
1191,37.551402,-82.410826,2022-10-14 16:50:55+00:00,1829.072797
1193,37.250679,-81.89834,2022-10-14 18:38:49+00:00,2117.383333
1196,39.239732,-80.466974,2022-10-16 16:25:48+00:00,1375.249781
1203,39.542006,-107.571471,2022-10-17 17:06:51+00:00,144.7825759
1204,39.542007,-107.571386,2022-10-17 17:13:32+00:00,232.9574993
1205,39.50782,-107.643971,2022-10-17 17:42:00+00:00,163.1680805
1206,39.527277,-107.931722,2022-10-17 18:37:50+00:00,46.76995822
1207,39.517278,-107.904295,2022-10-17 18:40:48+00:00,725.3272975
1208,39.517329,-107.905449,2022-10-17 18:45:22+00:00,382.0399851
1209,39.50698,-107.906215,2022-10-17 18:45:22+00:00,289.0805491
1210,39.538137,-107.875544,2022-10-17 18:45:22+00:00,181.6712111
1211,39.506917,-107.906179,2022-10-17 18:50:10+00:00,271.3044886
1212,39.36991,-108.088619,2022-10-17 19:45:42+00:00,971.1076829
1213,39.421511,-108.012853,2022-10-17 19:45:42+00:00,502.361418
1214,39.411042,-108.070728,2022-10-17 19:53:45+00:00,262.7185635
1215,39.369669,-108.088541,2022-10-18 18:09:20+00:00,1030.658225
1216,39.421286,-108.013075,2022-10-18 18:09:20+00:00,934.1518123
1217,39.369902,-108.08856,2022-10-18 18:15:24+00:00,1236.764659
1218,39.421376,-108.012957,2022-10-18 18:15:24+00:00,1260.112861
1219,39.671084,-108.160572,2022-10-18 18:51:39+00:00,541.4087548
1220,39.571443,-108.267081,2022-10-18 19:36:59+00:00,439.2579945
1221,39.544662,-108.284817,2022-10-18 19:45:42+00:00,1295.016022
1222,39.501114,-108.323428,2022-10-18 19:54:51+00:00,1057.245738
1223,39.501146,-108.323426,2022-10-18 20:04:11+00:00,1580.301655
1224,38.880605,-107.462572,2022-10-18 20:38:14+00:00,1349.466297
1225,39.369885,-108.0886,2022-10-19 16:58:51+00:00,1378.589985
1226,39.421314,-108.012884,2022-10-19 16:58:51+00:00,748.5645497
1227,39.542076,-107.571487,2022-10-19 17:18:11+00:00,116.1686161
1228,39.542119,-107.571483,2022-10-19 17:24:28+00:00,158.6420697
1229,39.484506,-107.717167,2022-10-19 18:15:01+00:00,129.4005474
1230,39.456978,-107.756259,2022-10-19 18:27:37+00:00,661.5913249
1231,39.478996,-107.774172,2022-10-19 18:33:31+00:00,140.5690598
1232,39.538134,-107.875543,2022-10-19 19:04:43+00:00,119.0212291
1233,39.421255,-108.013048,2022-10-19 19:38:49+00:00,403.9083435
1235,39.410686,-108.071008,2022-10-19 19:46:51+00:00,150.7682093
1237,39.421244,-108.012993,2022-10-20 17:58:00+00:00,645.7223039
1238,39.536595,-108.236377,2022-10-20 18:55:39+00:00,610.6845345
1239,39.537032,-108.236285,2022-10-20 19:05:20+00:00,434.8058108
1240,39.421353,-108.012759,2022-10-20 20:06:26+00:00,540.9678685
1242,39.542095,-107.571487,2022-10-21 17:09:20+00:00,130.150117
1243,39.542113,-107.57151,2022-10-21 17:16:34+00:00,222.636702
1244,39.410739,-108.07089,2022-10-21 19:44:51+00:00,440.267125
1245,39.894881,-79.836115,2022-10-24 15:40:32+00:00,985.0358638
1246,39.655912,-80.14905,2022-10-24 17:02:25+00:00,893.7669877
1248,39.829573,-80.165832,2022-10-24 17:37:30+00:00,292.7367783
1249,39.622161,-80.278865,2022-10-24 17:37:30+00:00,702.0674988
